<?xml version="1.0"?>
<opencv_storage>
<stage0>
  <maxWeakCount>7</maxWeakCount>
  <stageThreshold>-9.1559499502182007e-02</stageThreshold>
  <weakClassifiers>
    <_>
      <internalNodes>
        0 -1 68325 4.3679713271558285e-03</internalNodes>
      <leafValues>
        -6.1629879474639893e-01 8.8321167230606079e-01</leafValues></_>
    <_>
      <internalNodes>
        0 -1 69940 -1.3199457898736000e-02</internalNodes>
      <leafValues>
        6.9235354661941528e-01 -7.2045749425888062e-01</leafValues></_>
    <_>
      <internalNodes>
        0 -1 71481 4.6643633395433426e-03</internalNodes>
      <leafValues>
        -4.9440154433250427e-01 9.3579930067062378e-01</leafValues></_>
    <_>
      <internalNodes>
        0 -1 424 2.1343192085623741e-02</internalNodes>
      <leafValues>
        -8.8952666521072388e-01 5.8833831548690796e-01</leafValues></_>
    <_>
      <internalNodes>
        0 -1 115249 3.5173319280147552e-02</internalNodes>
      <leafValues>
        -8.7438935041427612e-01 4.7015506029129028e-01</leafValues></_>
    <_>
      <internalNodes>
        0 -1 98 -3.8065962144173682e-05</internalNodes>
      <leafValues>
        -1. 4.0782663226127625e-01</leafValues></_>
    <_>
      <internalNodes>
        0 -1 1 2.0420548025867902e-05</internalNodes>
      <leafValues>
        3.3833232522010803e-01 -1.</leafValues></_></weakClassifiers></stage0>
</opencv_storage>
